pathway	pval	padj	ES	NES	nMoreExtreme	size	leadingEdge
HALLMARK_ALLOGRAFT_REJECTION	0.000188323917137476	0.000761823500731351	0.514893628266863	2.42004395314331	0	195	RIPK2|IFNAR2|LYN|MTIF2|NCK1|CDKN2A|HLA-DOB|CCL7|ABI1|MRPL3|TAP2|ABCE1|GZMB|GLMN|IL2RA|EGFR|CD47|ICAM1|IL27RA|IFNG|TNF|TAP1|ELF4|EIF5A|TLR6|MAP3K7|TLR1|UBE2D1|HIF1A|CSK|LY75|CCL5|IFNGR1|CCL13|CXCL9|NCR1|CCR1|IL2RG|TLR2|LCK|SOCS1|ICOSLG|TAPBP|PRF1|CD80|CXCL13|BCAT1|HLA-A|KLRD1|FLNA|CTSS|IRF4|CD7|IL12A|RPL39|RPS19|CCL4|SOCS5|FASLG|STAT1|IL12RB1|CCL2|CD96|CD247|IL18RAP|IFNGR2|ETS1|IL2RB|CD79A|LTB|GZMA|IL1B|CD86|MMP9|CD2|CCR5|CD3G|FAS|CD8B|HDAC9|MAP4K1|SIT1|CD3D|NPM1|IL7|CD3E|CD40|ITGB2|ITK|LIF|IL18|SRGN|CAPG|CCR2|EIF3D|PTPRC|LCP2|TRAT1|IL13|CXCR3|IL12B|ACHE|IL15|GALNT1|NOS2|CD8A|HLA-DQA1|PRKCB|BCL10|HLA-DRA|HLA-G|NME1|GCNT1|CCL11|ZAP70|EIF3J|WAS|HLA-E|IL6|CD40LG|FGR|HCLS1|CRTAM|ST8SIA4|CD4|STAT4|TGFB2
HALLMARK_BILE_ACID_METABOLISM	0.000208899101733863	0.000761823500731351	-0.411245990380361	-1.80627398875928	0	112	NUDT12|AR|HSD17B4|ABCA2|EFHC1|PEX11A|CROT|PEX11G|PEX12|RXRA|SLC22A18|GNMT|SLC23A1|SLC27A2|SULT2B1|PEX19|ABCA3|RETSAT|PEX7|LIPE|PAOX|DIO1|SERPINA6|HSD3B7|DHCR24|BCAR3|FDXR|AMACR|PECR|ABCA8|ABCA9|NEDD4|EPHX2|ABCD3|RXRG|CYP46A1
HALLMARK_E2F_TARGETS	0.000188536953242836	0.000761823500731351	0.751729830034536	3.51504719494962	0	187	CCNE1|DEK|MSH2|ANP32E|USP1|PRIM2|STMN1|CHEK1|NCAPD2|TUBB|LBR|NASP|CDCA8|SYNCRIP|LYAR|CDC25A|HMGA1|MCM6|PHF5A|DONSON|SSRP1|RAD51AP1|RANBP1|CDC20|MCM3|SMC6|CKS1B|CHEK2|MCM7|DEPDC1|DIAPH3|KIF2C|MCM5|EZH2|CDCA3|DSCC1|AURKB|CCNB2|DCLRE1B|GINS4|MELK|TCF19|NUP205|ASF1A|RFC2|SMC4|TRIP13|CENPE|MYBL2|PLK1|CDKN2A|DLGAP5|PRDX4|KPNA2|MCM4|MKI67|GINS3|ZW10|BIRC5|MCM2|KIF18B|MAD2L1|HNRNPD|MTHFD2|CDC25B|PLK4|EED|TMPO|AK2|AURKA|RFC3|TIPIN|CKS2|RAN|GINS1|PTTG1|BUB1B|PCNA|KIF4A|XPO1|TACC3|DNMT1|LMNB1|PPP1R8|UBE2T|SLBP|CDK1|TRA2B|E2F8|CDKN3|RRM2|UBE2S|CIT|PSIP1|HMGB3|ATAD2|HMGB2|UNG|SPC25|ILF3|PAICS|PRKDC|HMMR|HELLS|ASF1B|XRCC6|NUDT21|SPC24|RPA1|SUV39H1|RACGAP1|NUP153|POLA2|BRCA2|NOLC1|TOP2A|POLD3|POLD1|CSE1L|SPAG5|ESPL1|EXOSC8|CDK4|TBRG4|RNASEH2A|TK1|POP7|CENPM|RAD21
HALLMARK_ESTROGEN_RESPONSE_EARLY	0.000212585034013605	0.000761823500731351	-0.569590274746442	-2.69843137174553	0	190	MLPH|TFF3|CA12|THSD4|XBP1|TFF1|SLC22A5|ANXA9|SYBU|MAPT|WFS1|AR|KCNK15|ABAT|GREB1|RARA|GFRA1|ADCY9|SLC7A2|PGR|IGFBP4|REEP1|KDM4B|LRIG1|SEMA3B|SLC39A6|SCNN1A|PEX11A|BCL2|MYB|CELSR1|BHLHE40|RET|ELOVL5|MAST4|TTC39A|ARL3|RAB17|IGF1R|ITPK1|CISH|PDZK1|CCND1|STC2|SLC19A2|MREG|AFF1|CBFA2T3|BLVRB|DHRS2|TPBG|ADCY1|NRIP1|TOB1|SLC27A2|PRSS23|SULT2B1|KRT18|ELOVL2|HSPB8|ABCA3|UGCG|OLFM1|MYOF|IL6ST|AMFR|EGR3|FASN|SEC14L2|OLFML3|MED13L|P2RY2|BAG1|SLC1A4|SIAH2|GJA1|TIPARP|TJP3|ABHD2|NBL1|FOS|CALCR|AREG|MUC1|CXCL12|CANT1|ASB13|RAB31|NADSYN1|ELF1|SNX24|FLNB|KLF4|MSMB|DYNLT3|RPS6KA2|KRT8|SLC1A1|CELSR2|RAPGEFL1|UNC119|NPY1R
HALLMARK_ESTROGEN_RESPONSE_LATE	0.000213310580204778	0.000761823500731351	-0.446581581467124	-2.12004977378089	0	193	TFF3|CA12|AGR2|XBP1|TFF1|SLC22A5|ANXA9|SCUBE2|CACNA2D2|MAPT|WFS1|RABEP1|ACOX2|DNAJC12|PGR|IGFBP4|SEMA3B|SCNN1A|BCL2|MYB|RET|TPSAB1|ELOVL5|PTGER3|TSPAN13|SERPINA5|CPE|ARL3|ITPK1|CISH|PDZK1|CCND1|HMGCS2|AFF1|BLVRB|UGDH|DHRS2|TPBG|NRIP1|TOB1|SLC27A2|PRSS23|CHST8|SULT2B1|HSPB8|ABCA3|CXCL14|OLFM1|MYOF|CYP4F11|IL6ST|AMFR|EGR3|ST6GALNAC2|DCXR|DLG5|ALDH3A2|SLC2A8|EMP2|BAG1|SLC1A4|DNAJC1|SIAH2|PRLR|MOCS2|BATF|TJP3|ABHD2|NBL1|SORD|FOS|COX6C|CALCR|AREG|CXCL12|PDCD4|RAB31|PLXNB1|FLNB|KLF4|DYNLT3|FGFR3|RPS6KA2|ASCL1|METTL3|CELSR2|RAPGEFL1|NPY1R|PLAC1|ZFP36
HALLMARK_G2M_CHECKPOINT	0.000189969604863222	0.000761823500731351	0.686088059859022	3.19484341215071	0	183	E2F3|PRIM2|STMN1|CHEK1|DKC1|UCK2|LBR|NASP|TTK|DBF4|TFDP1|SYNCRIP|AMD1|CENPA|CDC25A|HMGA1|MCM6|STIL|KATNA1|SLC7A5|CDC20|ODC1|MCM3|CDC7|CKS1B|NDC80|CCNA2|KIF2C|MCM5|TPX2|EZH2|SNRPD1|NCL|BUB1|AURKB|RAD54L|INCENP|CCNB2|FBXO5|E2F2|CENPF|SMC4|EXO1|CENPE|MYBL2|PLK1|KIF15|SLC7A1|KPNA2|MKI67|FANCC|BIRC5|MCM2|MAD2L1|KIF23|HNRNPD|CDC25B|KIF11|CDC45|PRC1|PLK4|UBE2C|TMPO|AURKA|CKS2|PTTG1|POLQ|KIF4A|XPO1|TACC3|LMNB1|MTF2|EFNA5|CDK1|TRA2B|SAP30|SFPQ|CUL1|CDKN3|RBL1|UBE2S|HMGB3|NUSAP1|NUP50|ILF3|TROAP|PML|HMMR|PBK|CASP8AP2|E2F1|SUV39H1|RACGAP1|POLA2|SMC2|BRCA2|NEK2|NOLC1|TOP2A|DR1|PTTG3P|HIF1A|CHAF1A|KIF20B|ESPL1|E2F4|CDC6|CDK4|RASAL2|HIRA|RAD21|ATF5
HALLMARK_GLYCOLYSIS	0.000188323917137476	0.000761823500731351	0.352489215982329	1.65672936866125	0	195	DSC2|STMN1|PLOD1|NASP|LCT|CENPA|CHST4|ME2|ENO1|DEPDC1|SLC25A13|PFKP|NANP|KIF20A|TGFA|CHST6|TPI1|MDH1|AURKA|EXT1|UGP2|PDK3|CHST2|EGFR|CDK1|SAP30|RRAGD|HS2ST1|SOX9|ADORA2B|B3GNT3|EXT2|HMMR|B4GALT2|MET|RPE|VLDLR|CLDN9|CXCR4|VEGFA|PLOD2|PGK1|MDH2|DDIT4|B4GALT4|PPIA|HAX1|MIOX|HSPA5|TXN|PGM2|KDELR3|ME1|TALDO1|NSDHL|LDHA|B3GAT1|PYGB|PSMC4|HOMER1|CLN6|LDHC|IGFBP3|ZNF292|DLD|PPFIA4|EFNA3
HALLMARK_IL6_JAK_STAT3_SIGNALING	0.000192752505782575	0.000761823500731351	0.434807740776591	1.81644136901194	0	87	PTPN2|TNFRSF21|BAK1|CCL7|PIM1|CXCL10|IL1R2|CXCL1|IL2RA|LTBR|TNF|CD38|MYD88|CXCL11|CSF2|CXCL3|IL10RB|IFNGR1|CXCL9|CCR1|IL2RG|IL15RA|TLR2|SOCS1|CXCL13|HAX1|CBL|IL18R1|STAT1|IL12RB1|CSF2RB|IFNGR2|LTB|IL1B|FAS|IL7|INHBE
HALLMARK_INFLAMMATORY_RESPONSE	0.000188714851858841	0.000761823500731351	0.395880445342652	1.8628984881339	0	197	OPRK1|RIPK2|PVR|LAMP3|CCL20|LYN|ATP2C1|SLC7A1|ROS1|CCL7|ABI1|MARCO|NMI|CXCL10|CHST2|ITGB8|ICAM1|PLAUR|AQP9|GNAI3|IL1A|ADORA2B|TNFRSF9|CD82|MET|KIF1B|SEMA4D|CXCL11|TLR1|HIF1A|EIF2AK2|NAMPT|LTA|CCL5|RAF1|CX3CL1|SPHK1|CXCL6|CXCL9|IL15RA|TLR2|TNFSF15|LCK|SLC31A1|DCBLD2|ICOSLG|TAPBP|GNA15|CXCR6|LY6E|IL18R1|RTP4|PROK2|CLEC5A|SLAMF1|ADM|CCL2|PDE4B|FZD5|IL18RAP|IFNGR2|IL2RB|IL1B|CD70|KCNJ2|IRAK2|RASGRP1|MYC|OSM|ICAM4|ADRM1|GPR183|CD40|GCH1|ATP2A2|EDN1|LIF|IL7R|IL18|CCL17|CYBB|NOD2|LCP2|CD48|CD14|IL12B|CCR7|TNFSF9|SELE|MEP1A|IL15|SELL
HALLMARK_INTERFERON_GAMMA_RESPONSE	0.000188857412653447	0.000761823500731351	0.421367984341613	1.97848297468478	0	194	NUP93|RIPK2|PSMB2|PTPN2|PELI1|IFNAR2|SOD2|PNPT1|PFKP|CCL7|IDO1|MTHFD2|PLA2G4A|PNP|NMI|PIM1|CXCL10|ICAM1|PLSCR1|PML|CD38|TAP1|UPP1|MYD88|IFIH1|TRIM26|CXCL11|HIF1A|PTGS2|EIF2AK2|NAMPT|CCL5|MX2|CXCL9|TNFAIP3|IL15RA|SOCS1|TAPBP|IFI44|HLA-A|IRF4|VCAM1|LY6E|SLAMF7|GPR18|RTP4|NLRC5|CD274|IL18BP|CASP3|IFI30|HLA-B|BATF2|USP18|STAT1|CMPK2|PSMA2|CCL2|ITGB7|PDE4B|CSF2RB|PSMA3|PSMB9|IL2RB|EPSTI1|LYSMD2|GZMA|CD86|TNFAIP2|XCL1|ZBP1|APOL6|FAS|IL7|CD40|BPGM|GCH1|FCGR1A|CASP1|ISG20|GBP6|OASL|GBP4|LCP2|CIITA|HERC6|RSAD2|IL15|HLA-DQA1|IFI44L|IRF1|PARP12|HLA-G|CASP4|SECTM1|ADAR|MX1|C1S
HALLMARK_MITOTIC_SPINDLE	0.000188821752265861	0.000761823500731351	0.470041317199616	2.20993187023098	0	196	TTK|NCK2|KATNA1|FSCN1|NDC80|ANLN|KIF2C|TPX2|BUB1|INCENP|CCNB2|FBXO5|CENPF|SMC4|NCK1|CENPE|PLK1|KIF15|DLGAP5|PIF1|MID1|BIRC5|KIF23|ABI1|KIF11|CEP57|PRC1|AURKA|CCDC88A|KIF4A|TUBA4A|LMNB1|CDC42EP1|CDK1|SASS6|ACTN4|NUSAP1|MYO1E|SOS1|CENPJ|CKAP5|STK38L|TUBGCP3|RACGAP1|KIF1B|BRCA2|LRPPRC|NEK2|ECT2|TOP2A|KIF20B|ESPL1|KIF3C|RASAL2|PLEKHG2|KNTC1|MYO9B|RHOF|MAPRE1|ARHGEF2|SMC3|PCNT|FLNA|CLASP1|GEMIN4|SUN2|WASF1|YWHAE|BCR|RALBP1|ARHGAP27|CLIP2|CEP192|RASA2|SAC3D1|CEP72|MARCKS|FARP1|NET1|ARHGEF11
HALLMARK_MTORC1_SIGNALING	0.000188146754468485	0.000761823500731351	0.536683967083861	2.5158407905367	0	191	PSAT1|GMPS|IFRD1|CDC25A|PSMG1|POLR3G|SLC7A5|ACTR3|ASNS|PDK1|ENO1|SRD5A1|PHGDH|BUB1|CCT6A|UCHL5|NUP205|CALR|PLK1|PNO1|MCM4|RPN1|GAPDH|MCM2|MTHFD2|PSMD14|HPRT1|PSMC2|TPI1|CTSC|NFIL3|AURKA|PNP|TES|DHCR7|PITPNB|SSR1|TUBA4A|CACYBP|ACTR2|TOMM40|SHMT2|HSP90B1|RRM2|MLLT11|HSPD1|ABCF2|UNG|SLC2A1|PSMA4|PGM1|DAPP1|GPI|RPA1|PSPH|EIF2S2|SERPINH1|NFYC|RAB1A|HMBS|VLDLR|NAMPT|PSMD12|CXCR4|PDAP1|SLC7A11|ARPC5L|PLOD2|FADS2|PGK1|PPA1|STIP1|DDIT4|TFRC|STARD4|EBP|PRDX1|HSPE1|PPIA|TXNRD1|BCAT1|HSPA5|NUFIP1|CCNF|MAP2K3|IMMT|SQLE|FADS1|ME1|EEF1E1|LDHA|RIT1|IFI30|YKT6
HALLMARK_MYC_TARGETS_V1	0.000188536953242836	0.000761823500731351	0.662101945322771	3.09595215287727	0	187	SRPK1|IFRD1|DEK|ILF2|SERBP1|USP1|TFDP1|HDAC2|SYNCRIP|PSMB2|HDGF|MCM6|RFC4|RANBP1|CDC20|ODC1|SNRPA1|LSM2|MCM7|CCNA2|SF3B3|SNRPG|MCM5|SNRPD1|YWHAQ|PPM1G|TYMS|UBA2|CCT4|STARD7|DDX18|PRDX4|KPNA2|CCT5|TCP1|MCM4|MRPL9|PABPC1|MCM2|MAD2L1|HNRNPD|PSMD14|HPRT1|CDC45|CAD|RAN|PSMD7|PCNA|PRPS2|SSBP1|ABCE1|XPO1|PABPC4|SSB|TRA2B|TARDBP|CUL1|HSPD1|XPOT|SNRPA|EIF3B|HNRNPA3|VBP1|U2AF1|XRCC6|SET|PSMA4|POLE3|EIF2S2|NCBP1|CCT3|NOLC1|HDDC2|FBL|COX5A|CDK2|CDK4|NOP16|PGK1|PSMA7|SNRPD3|DDX21|PSMD1|HSPE1|PPIA|CCT7|PWP1|CBX3|SMARCC1|SRM|HNRNPU|CNBP|HSP90AB1|NOP56|ACP1|C1QBP|YWHAE|SNRPB2|PHB2|KPNB1|LDHA|HNRNPA2B1|PSMA2|EIF4H|VDAC3|AIMP2|HNRNPR|PSMC4|UBE2E1|LSM7|NCBP2|RPS10|PSMA1|MYC|PCBP1|NPM1|RNPS1|SNRPD2|RRM1|GNL3|CSTF2|COPS5|EIF4A1|TXNL4A
HALLMARK_MYC_TARGETS_V2	0.000198019801980198	0.000761823500731351	0.643955215634513	2.47225785126751	0	57	NIP7|WDR43|NDUFAF4|MPHOSPH10|NOP2|MCM5|BYSL|PLK1|DDX18|MCM4|PLK4|SUPV3L1|HSPD1|TCOF1|MRTO4|UNG|PPRC1|NOLC1|CDK4|NOP16|TBRG4|RCL1|HSPE1|CBX3|SRM|NOP56|WDR74|PES1|DUSP2|UTP20|AIMP2|PPAN|MYBBP1A|SLC19A1|TFB2M|PUS1|MYC|NPM1|GNL3|IMP4|EXOSC5
HALLMARK_SPERMATOGENESIS	0.000385653682992673	0.0012051677593521	0.37447518219668	1.66483306774633	1	130	ART3|IL12RB2|TTK|DBF4|RFC4|PSMG1|DMRT1|KIF2C|LPIN1|EZH2|BUB1|CCNB2|NCAPH|ACRV1|AURKA|CSNK2A2|CDK1|CDKN3|RPL39L|MTNR1A|TOPBP1|CNIH2|AGFG1|PCSK1N|NEK2|CCNA1|POMC|CLPB|TSN|SNAP91|MLF1|SLC2A5|NF2|GFI1|TLE4|MLLT10|HSPA4L|ADAD1|TALDO1|TCP11|DCC|VDAC3|PIAS2|LDHC
HALLMARK_UNFOLDED_PROTEIN_RESPONSE	0.000383803492611783	0.0012051677593521	0.410892463538489	1.77123943515348	1	105	PSAT1|PDIA6|DKC1|SLC7A5|ASNS|CEBPG|CKS1B|CEBPB|CALR|CHAC1|NFYA|MTHFD2|KHSRP|HYOU1|SSR1|DDX10|HSP90B1|XPOT|YWHAZ|SRPRB|TATDN2|PDIA5|NOLC1|EIF4G1|ATF4|EIF4EBP1|VEGFA|DDIT4|ALDH18A1|HSPA5|NOP56|GEMIN4|KDELR3|PREB|POP4|CCL2|LSM4|PAIP1|BANF1|NPM1|EXOSC2|EIF4A1|EIF4A3|EXOSC5|EXOSC4|EXOSC9
HALLMARK_XENOBIOTIC_METABOLISM	0.00127496812579686	0.00374990625234369	-0.322158625601877	-1.53322434933892	5	196	ESR1|FBP1|CSAD|ACOX2|IGFBP4|TMBIM6|MCCC2|CYB5A|FAH|ELOVL5|CROT|MPP2|BLVRB|UGDH|GNMT|NINJ1|RETSAT|ACSM1|ETFDH|GSTM4|DCXR|SERPINA6|PINK1|PDK4|ENTPD5|DHPS|NQO1|PTGR1|CYP2E1|MAOA|F10|CYP26A1|SAR1B|LEAP2|ASL|TAT|IGF1|CFB|CES1|ADH1C|ARPP19|ACOX3|CD36|AOX1|ATOH8|DHRS7|SLC46A3|HACL1|DHRS1|SLC35D1|EPHX1|ECH1|ABCC3|MAN1A1|GSS|ALDH2|SERTAD1|GSTT2|CDO1|ITIH4|ABHD6|CYFIP2|CAT|NFS1|VTN
HALLMARK_TNFA_SIGNALING_VIA_NFKB	0.00151057401812689	0.00419603893924136	0.321712573029149	1.51255398658752	7	196	RIPK2|BTG3|CCL20|CEBPB|SOD2|BCL2A1|FOSL1|NFIL3|NFKBIE|CXCL10|YRDC|CXCL1|PTX3|ICAM1|PLAUR|IL1A|TNFRSF9|TNF|TAP1|PANX1|CD83|RELB|B4GALT5|PNRC1|IFIH1|CXCL11|BIRC2|SLC2A6|FUT4|CSF2|RNF19B|PTGS2|TANK|NAMPT|CFLAR|IL23A|VEGFA|CXCL3|SERPINB2|SERPINB8|CCL5|SPSB1|SPHK1|CXCL6|RCAN1|TNFAIP3|IL15RA|TLR2|BIRC3|ICOSLG|CD80|MAP2K3|TRAF1|NFKB2|EHD1|DUSP2|CCL4|CCL2|MARCKS|PDE4B|IFNGR2|BMP2|IL1B|KYNU|PHLDA1|TNFAIP2|MYC|TRIP10|PLEK|GPR183|GCH1|EDN1|LIF|IL7R|IL18|DRAM1|EFNA1|MCL1|IL12B|ID2|TNFSF9|CD44|TNFAIP8|ETS2|IRF1|FJX1|SAT1
HALLMARK_MYOGENESIS	0.00191367212417606	0.00503597927414752	-0.31740768543098	-1.51133336779565	8	197	SPDEF|ADCY9|OCEL1|REEP1|ITGB5|PPP1R3C|BHLHE40|VIPR1|CACNA1H|KCNH1|HRC|CACNG1|CRAT|STC2|MEF2D|CFD|HSPB8|RB1|CASQ1|LAMA2|COX7A1|PVALB|TSC2|CAMK2B|SGCD|BAG1|DMPK|MYH11|BDKRB2|NQO1|CASQ2|ERBB3|MAPRE3|SGCG|TNNT3|MYL3|PGAM2|IGF1|FKBP1B|MYO1C|SPARC|APOD|TGFB1|FXYD1|CD36|SGCA|AEBP1|LDB3|PYGM|PSEN2|COL6A3|FHL1|TNNT1|ATP6AP1|CDKN1A|MB|SORBS3|ITGA7|TCAP|MYOG|PFKM|AK1|FST|IGFBP7|COL3A1|AGL|MYH1|COL1A1|ENO3|GADD45B|MYL7|MYH8|SCD|MYOM2|CDH13|CLU
HALLMARK_ADIPOGENESIS	0.00318877551020408	0.0079719387755102	-0.315147981527463	-1.49221162745543	14	189	CMBL|REEP6|REEP5|CYP4B1|ADCY6|FAH|SULT1A1|PTGER3|CCNG2|LTC4S|SLC27A1|CRAT|ELMOD3|TOB1|COQ5|HSPB8|OMD|RETSAT|SPARCL1|QDPR|LIPE|FZD4|BAZ2A|PRDX3|UQCRQ|ARAF|ACADS|MGLL|SNCG|EPHX2|ABCB8|STOM|PDCD4|GPX4|BCKDHA|DHRS7B|FABP4|GPHN|NKIRAS1|ADIPOQ|LIFR|CD36|ALDOA|ITSN1|PHLDB1|UQCR11|PFKFB3|DHRS7|ITIH5|ESYT1|CD302|NDUFA5|ECH1|CD151|SCP2|GPAM|MRAP|ALDH2|CIDEA|ITGA7|ECHS1|PPARG|UCK1|VEGFB|CAT|ADIPOR2|LEP|CPT2
HALLMARK_FATTY_ACID_METABOLISM	0.00441919191919192	0.0105218855218855	-0.321829145778406	-1.48173342189299	20	153	SLC22A5|REEP6|HSD17B4|HMGCL|BLVRA|ELOVL5|ALAD|LTC4S|CRAT|HMGCS2|GLUL|ACOT2|UGDH|RETSAT|HSDL2|SUCLG2|D2HGDH|CYP4A11|ETFDH|CPT1A|GSTZ1|FASN|ALDH3A2|DHCR24|BMPR1B|SERINC1|PDHB|ACADS|MGLL|INMT|PSME1|MAOA|ACADVL|AUH|AOC3|AQP7|RDH16|CA4|CYP4A22|ADH1C|GPD1|CD36|ALDOA|ACSS1|SUCLA2|MCEE|EPHX1|ECH1|HSD17B11|PTPRG|ACAA1|CIDEA|ECHS1|HPGD|ADIPOR2|XIST|CPT2|ENO2|ENO3
HALLMARK_UV_RESPONSE_DN	0.0121695342005875	0.0276580322740625	-0.313717015730483	-1.42376230815755	57	137	INPP4B|APBB2|BHLHE40|IRS1|IGF1R|AGGF1|SPOP|RXRA|SLC22A18|KCNMA1|SMAD3|PTEN|AMPH|DUSP1|MAP2K5|PDGFRB|DBP|ICA1|ERBB2|MGLL|CITED2|GJA1|CDON|IGFBP5|RBPMS|MAGI2|PTPRM|ATXN1|MGMT|CAP2|PMP22|LPAR1|ZMIZ1|SYNE1|CAV1|RUNX1|COL1A2|DLC1|MIOS|PPARG|MMP16|COL3A1|YTHDC1|PRKAR2B|COL1A1|CDKN1B|BDNF|ATP2B1|RGS4|TGFBR2|DAB2|PRDM2|SMAD7|COL5A2|TGFBR3|SERPINE1|PIAS3
HALLMARK_UV_RESPONSE_UP	0.0191131498470948	0.0415503257545539	0.303053800203246	1.37716157029454	99	152	CCNE1|AMD1|RFC4|BTG3|ASNS|CEBPG|CHRNA5|GLS|GAL|LYN|KLHDC3|GGH|CDC5L|SOD2|BAK1|RPN1|PRPF3|FEN1|BID|TUBA4A|E2F5|ICAM1|EPCAM|SIGMAR1|NKX2-5|TAP1|POLE3|PPAT|CDK2|PDAP1|DNAJA1|STIP1|TFRC|TYRO3|DDX21|LHX2|HNRNPU|ALAS1|SLC6A8|PPIF|HLA-F|CASP3|ARRB2|YKT6|CREG1|BMP2|CCK|CNP|POLR2H|PSMC3|RASGRP1|ATP6V1F|WIZ|HSPA13|CHKA|GCH1|CYB5B
HALLMARK_P53_PATHWAY	0.023171768707483	0.0482745181405896	-0.278987140442941	-1.32170032646701	108	190	ANKRA2|ABAT|HEXIM1|CGRRF1|WWP1|BTG2|KIF13B|ACVR1B|GLS2|XPC|PRKAB1|CTSF|SLC19A2|RXRA|FUCA1|SERTAD3|TOB1|NINJ1|SESN1|ZBTB16|RB1|RETSAT|RPS27L|ISCU|MKNK2|ABHD4|DCXR|MXD4|RAB40C|DDB2|FDXR|PHLDA3|TSPYL2|ZNF365|BLCAP|TSC22D1|FOS|GPX2|RRP8|STOM|BAIAP2|VWA5A|IER3|TXNIP|CCNG1|SP1|IP6K2|TGFB1|KLF4|F2R|TRAFD1|CEBPA|MDM2|CDKN2AIP|ALOX15B|ABCC5|SLC35D1|EPHX1|INHBB|NHLH2|CDKN1A|PLK2
HALLMARK_HYPOXIA	0.0339750849377123	0.065336701803293	0.277245149963601	1.29819925208745	179	190	NCAN|PDK1|ENO1|GCNT2|CSRP2|PFKP|GAPDH|XPNPEP1|TPI1|NFIL3|EXT1|NDRG1|TES|PIM1|UGP2|PDK3|CHST2|CHST3|EGFR|SAP30|PLAUR|TMEM45A|RRAGD|ADORA2B|PLIN2|SLC2A1|PGM1|GPI|PNRC1|VLDLR|KLHL24|CP|PKP1|CXCR4|VEGFA|PRKCA|PGK1|SLC2A5|ERRFI1|DDIT4|TNFAIP3|HS3ST1|SCARB1|LALBA|HSPA5|PGM2|KDELR3|PPARGC1A|LDHA|ADM|JMJD6|PLAC8|KDM3A|LDHC|ETS1|IGFBP3|EDN2|ZNF292|PPFIA4|EFNA3
HALLMARK_INTERFERON_ALPHA_RESPONSE	0.0334558112550764	0.065336701803293	0.323473889345572	1.36417832412377	172	92	RIPK2|LAMP3|PNPT1|NCOA7|NMI|CXCL10|CD47|PLSCR1|TAP1|IFIH1|TRIM26|CXCL11|EIF2AK2|IFI44|LY6E|RTP4|IFI30|BATF2|USP18|CMPK2|PSMA3|PSMB9|EPSTI1|CNP|IL7|CASP1|ISG20|OASL|GBP4|HERC6|RSAD2|IL15|SELL|IFI44L|IRF1|PARP12|ADAR|MX1|C1S|TRIM25|NUB1
HALLMARK_PEROXISOME	0.0367739239448391	0.0680998591571095	-0.312906228109438	-1.35092358864088	175	101	ABCC8|HSD17B4|HMGCL|PEX11A|SEMA3C|ELOVL5|CRAT|DLG4|SLC27A2|SULT2B1|RETSAT|MVP|DIO1|SERPINA6|HSD3B7|DHCR24|ABCB4|EPHX2|ABCD3|RXRG|FIS1|ATXN1|LONP2|STS|CDK7|ISOC1|SLC25A4|ABCC5|ECH1|ALB|HSD17B11|ABCB1|SCP2|ACAA1
HALLMARK_COMPLEMENT	0.0451977401129944	0.0807102502017756	0.26943924611374	1.26638742936453	239	195	LYN|MMP12|CEBPB|PRSS3|L3MBTL4|XPNPEP1|CTSC|PREP|PLA2G4A|PIM1|DGKG|GZMB|GNB4|S100A9|CXCL1|PLAUR|GNAI3|PFN1|PLSCR1|CASP5|PLA2G7|LAMP2|SPOCK2|CP|CR2|F5|SERPINB2|SRC|CCL5|RAF1|CD59|TNFAIP3|LCK|FDX1|HSPA5|CTSS|ME1|EHD1|PCSK9|MMP8|CASP3|ADRA2B|PIK3CA|CDK5R1|PSMB9|FCN1|FCER1G|GZMA|ACTN2|MT3|KYNU|ANXA5|RASGRP1|RABIF|PLEK|FYN|CBLB|GCA|CASP1|COL4A2|CR1|LCP2|S100A12|KLK1|DYRK2|SCG3|CTSB|IRF1|CASP4|DGKH|USP16|LGMN|C1S|RHOG|WAS|MAFF|IL6|GNGT2|CD40LG
HALLMARK_DNA_REPAIR	0.0838622812079246	0.144590140013663	0.276503694284298	1.24072631861251	435	139	RFC4|UPF3B|SSRP1|POLR2D|SF3A3|TYMS|RFC2|POLR1C|HPRT1|POLR2F|PNP|FEN1|RFC3|PCNA|RAD51|SEC61A1|CLP1|DGUOK|NUDT21|UMPS|POLR3C|POLA2|POLH|POLD3|SUPT5H|POLD1|ZWINT|CSTF3|GTF3C5|VPS37B|ADA|TAF6|SDCBP|TAF13|POM121|RNMT|GTF2B|CMPK2|SAC3D1|POLR2C|POLR2K|PDE4B|RFC5|NCBP2|POLR2H|RPA2|ADRM1|RBX1|POLA1|GTF2A2
HALLMARK_COAGULATION	0.08906967042136	0.148449450702267	-0.269558934369626	-1.22397809567027	426	136	ACOX2|RAPGEF3|TMPRSS6|HMGCS2|CFD|MST1|PLAT|ANG|HTRA1|PRSS23|TIMP3|CTSO|HPN|ISCU|THBD|CRIP2|F10|LRP1|VWF|SERPINC1|F2RL2|CFB|SPARC|CASP9|FBN1|PDGFB|CTSK|MMP2|LTA4H|PECAM1|MASP2|PROZ|APOA1|GNG12|CLU|MMP10|DUSP6
HALLMARK_PI3K_AKT_MTOR_SIGNALING	0.102209414024976	0.164853893588671	0.285955631256167	1.23122085224679	531	104	ACTR3|PDK1|CALR|NCK1|ACTR2|EGFR|CDK1|HSP90B1|PFN1|SLC2A1|E2F1|CSNK2B|DAPP1|MYD88|MAP3K7|CDK2|AP2M1|CXCR4|CDK4|RAF1|RPS6KA3|IL2RG|LCK|MAP2K3|RIT1|FASLG|CFL1|RPS6KA1|SFN|ARF1|MAPKAP1|MAP2K6|SMAD2|MAPK8|NFKBIB|MAPK1|PPP2R1B
HALLMARK_IL2_STAT5_SIGNALING	0.11592021076402	0.181125329318781	0.25018324058235	1.17452890126926	615	193	CCNE1|UCK2|ODC1|NCS1|NOP2|TNFRSF21|DCPS|GLIPR2|NFIL3|PNP|NDRG1|PIM1|CXCL10|COCH|IL1R2|IL2RA|ITGA6|LCLAT1|PDCD2L|MYO1E|RRAGD|PLSCR1|PLIN2|TNFRSF9|PRNP|CD83|UMPS|PTCH1|ICOS|CSF2|ETV4|S100A1|CDC6|CTLA4|ST3GAL4|ADAM19|LRRC8C|IFNGR1|PLAGL1|CKAP4|SOCS1|HUWE1|CDCP1|IRF4|BATF3|TRAF1|IL18R1|CASP3|SLC39A8|CD79B|ANXA4|TTC39B|BMP2|IL2RB|LTB|AHCY|CD86|PHLDA1|SPP1|PUS1|MYC|APLP1|CST7|LIF|ITGAE|SLC1A5|IGF2R|EOMES|CAPG|GBP4|CD48|IL13|POU2F1|GPR83|CD44|SELL
HALLMARK_REACTIVE_OXYGEN_SPECIES_PATHWAY	0.151249024199844	0.229165188181582	0.334704742189183	1.23479000461436	774	45	SOD2|PRDX4|PFKP|PRNP|GLRX2|PRDX1|TXNRD1|GCLM|TXN|CDKN2D|ABCC1|OXSR1|MPO|MBP|IPCEF1|NDUFA6
HALLMARK_WNT_BETA_CATENIN_SIGNALING	0.158464566929134	0.233036127836962	0.337699326848479	1.22401955160141	804	42	SKP2|HDAC2|WNT6|PPARD|ADAM17|CUL1|NOTCH1|PTCH1|DKK1|NCSTN|GNAI1|TCF7|MYC|CTNNB1
HALLMARK_CHOLESTEROL_HOMEOSTASIS	0.197710516103997	0.282443594434281	0.28773091246144	1.15933798440254	1018	72	CBS|NFIL3|DHCR7|CXCL16|PDK3|S100A11|PLAUR|PLSCR1|FDPS|FABP5|PNRC1|ACAT2|FADS2|ATF5|ERRFI1|STARD4|EBP|GLDC|SQLE|NSDHL|MVD|IDI1|GNAI1|ANXA5|CTNNB1|CHKA
HALLMARK_EPITHELIAL_MESENCHYMAL_TRANSITION	0.24707881878054	0.333890295649378	-0.227870406502571	-1.08312026081351	1162	194	RHOB|IGFBP4|ITGB5|FSTL3|MATN3|FUCA1|HTRA1|IGFBP2|TIMP3|LAMA2|SLIT3|ECM1|PDGFRB|ECM2|MSX1|SGCD|NTM|GJA1|LOXL1|FMOD|LRP1|EFEMP2|AREG|SGCG|CXCL12|SFRP4|GPC1|CAP2|DCN|PMP22|SPARC|LAMA3|COL8A2|SPOCK1|TGFB1|COL6A3|FBN1|PCOLCE|VEGFC|COL7A1|CDH6|ABI3BP|COL1A2|MMP2|SDC4|LUM|GEM|COL16A1|POSTN|PTHLH|OXTR|EDIL3|COL3A1|ENO2|CDH11|SLIT2|COL5A3|COL1A1|GADD45B|MFAP5|MAGEE1|COL12A1|BDNF|RGS4|JUN|THY1|DAB2|COMP|COL5A1|COL5A2|FBLN1|PDLIM4|TGFBR3|SCG2|SERPINE1|FAP|MATN2|ACTA2|ITGA2
HALLMARK_KRAS_SIGNALING_UP	0.240873165223937	0.333890295649378	0.232587030626992	1.09192042159147	1279	193	KCNN4|CCL20|MPZL2|BTBD3|TMEM158|MALL|ADAM17|SLPI|CXCL10|GPRC5B|YRDC|ZNF639|IL1RL2|PLAUR|SOX9|ADAMDEC1|PCSK1N|FGF9|GALNT3|ETV5|CSF2|PTGS2|ETV4|CXCR4|SNAP91|GABRA3|TNFAIP3|IL2RG|PTBP2|DCBLD2|PDCD1LG2|BIRC3|WDR33|ALDH1A3|LCP1|CBL|CTSS|ST6GAL1|TRAF1|MYCN|EPHB2|AMMECR1|ANKH|USH1C|TNNT2|IKZF1|PCP4|ETS1|IGFBP3|BMP2|FCER1G|BTC|IL1B|SPP1|MMP9|HDAC9|MAP4K1|STRN|BPGM|ITGB2|TRIB2|TLR8|LIF|IL7R
HALLMARK_APICAL_SURFACE	0.275609756097561	0.362644415917843	-0.304325287958173	-1.11669593791913	1355	43	GATA3|RTN4RL1|GSTM3|ATP8B1|SCUBE1|HSPB1|SLC34A3|MDGA1|TMEM8B
HALLMARK_APOPTOSIS	0.314364290247514	0.403031141342967	-0.228143277661756	-1.05417944882923	1485	158	RHOB|RARA|BTG2|ADD1|MADD|RNASEL|CCND1|BCL2L1|PLAT|KRT18|RETSAT|TIMP3|HSPB1|EGR3|HGF|PDGFRB|RHOT2|ERBB2|IGFBP6|FDXR|GUCY2D|ERBB3|BNIP3L|BCL2L2|CASP7|MGMT|BIK|PDCD4|DCN|GPX4|SQSTM1|IER3|TXNIP|FEZ1|CASP9|PSEN1|F2R|PSEN2|CDKN1A|CREBBP|BCL2L11|CAV1|MMP2|AIFM3|LUM|XIAP|PPT1|ENO2|LEF1|GADD45B|TNFSF10|CDKN1B|CLU
HALLMARK_NOTCH_SIGNALING	0.345620293301625	0.432025366627031	0.314318498285523	1.06884408516614	1743	32	ST3GAL6|PPARD|SAP30|CUL1|MAML2|NOTCH1|FZD7|PRKCA|TCF7L2|APH1A|DTX4|FZD5|DTX2|RBX1
HALLMARK_HEME_METABOLISM	0.358205782312925	0.436836319893811	-0.217929287815634	-1.03243902351677	1684	190	BCAM|LRP10|BTG2|NUDT4|BLVRA|EPOR|PIGQ|ADD1|ALAD|RBM5|SELENBP1|TMEM9B|EZH1|BLVRB|BTRC|RNF123|SLC22A4|VEZF1|ALDH6A1|SIDT2|ABCG2|GATA1|TRIM58|HEBP1|DCAF11|HAGH|KHNYN|ATP6V0A1|SLC25A38|GDE1|MINPP1|TRAK2|BNIP3L|TAL1|CAST|DCAF10|TNS1
HALLMARK_KRAS_SIGNALING_DN	0.580362860192103	0.678850552802135	-0.201663639049293	-0.953621687739807	2718	188	GAMT|SIDT1|RGS11|GPRC5C|GP2|LFNG|BTG2|CCDC106|CACNG1|CAPN9|THRB|CACNA1F|CPEB3|PDK2|ZBTB16|IDUA|IGFBP2|SLC29A3|MYO15A|ADRA2C|CPB1|BMPR1B|MTHFR|BRDT|NRIP2|COPZ2|NR4A2|PDE6B|PNMT|TFAP2B|EFHD1|C5|MAST3|SPHK2|HNF1A
HALLMARK_PANCREAS_BETA_CELLS	0.583811475409836	0.678850552802135	-0.256916329895746	-0.9260391394044	2848	40	ABCC8|SRP14|SPCS1|STXBP1|G6PC2|HNF1A|SCGN|GCK|LMO2|SYT13|MAFB|INSM1|PCSK2|FOXO1
HALLMARK_OXIDATIVE_PHOSPHORYLATION	0.667169811320755	0.758147512864494	0.198498669592455	0.925008683613772	3535	182	UQCRH|LDHB|NDUFA9|MRPL15|PDHA1|SUPV3L1|POLR2F|MDH1|TOMM22|AFG3L2|MRPS22|CYCS|SLC25A5|MRPL11|DLAT|GPI|FXN|LRPPRC|HCCS|COX5A|FH|TIMM8B|OPA1|MDH2|IDH2|MRPS15|FDX1|TIMM50|ALAS1|COX10|POR|IMMT|SDHD|TIMM17A|COX7B|PHB2|LDHA|UQCRFS1|NDUFB3|VDAC3|MRPS12|DLD|OAT|ATP6V1F|NDUFA6|COX5B|MGST3|HTRA2|COX4I1|NDUFA4|DECR1|ACAA2|COX6B1|SDHB|UQCRB|IDH3G|HSD17B10|PDHX|CYC1|VDAC2|NDUFS3|COX7A2L|NDUFA1
HALLMARK_ANDROGEN_RESPONSE	0.689784833925214	0.766427593250238	-0.209739187941388	-0.899711337724773	3301	97	INPP4B|SPDEF|GPD1L|ELOVL5|CCND1|STK39|IQGAP2|DHCR24|BMPR1B|AKAP12|ABHD2|APPBP2|AZGP1|TSC22D1|SORD|MAK|STEAP4|LIFR|KRT8|ZMIZ1|ELL2|KLK3|KRT19
HALLMARK_APICAL_JUNCTION	0.824548192771084	0.886245272100571	0.186073736461714	0.872551517878255	4379	192	RSU1|FSCN1|MSN|MPZL2|MPZL1|CLDN6|CDH3|NRTN|CDK8|COL9A1|EGFR|ICAM1|ACTN4|SIRPA|ACTB|PFN1|DSC3|YWHAH|ARPC2|CLDN9|CALB2|SLC30A3|NF2|SRC|CX3CL1|RHOF|LAMC2|SPEG|VCAM1|TRAF1|PTK2|ITGB4|CD274|MVD|ACTN1|SYK|CDH4|CLDN14|CLDN4|DLG1|MAPK14|ACTN2|ICAM5|CD86|CAP1|MDK|MMP9|GNAI1|PBX2|ICAM4|VASP|ADAM15|DHX16|TGFBI|MAP4K2|ITGB1
HALLMARK_HEDGEHOG_SIGNALING	0.833070555774537	0.886245272100571	0.223830883034283	0.777747750866973	4226	35	CDK6|PML|TLE1|PTCH1|VLDLR|L1CAM|VEGFA|DPYSL2|CDK5R1|AMOT|MYH9|ACHE|ETS2
HALLMARK_ANGIOGENESIS	0.904781199351702	0.942480415991356	-0.205471822130497	-0.724110561882152	4465	36	SERPINA5|THBD|MSX1|FGFR1|LRPAP1|LUM|POSTN|SLCO2A1|VTN|KCNJ8|COL3A1
HALLMARK_PROTEIN_SECRETION	0.928065054211843	0.947005157359024	-0.181164885260132	-0.774345286550764	4450	95	SCAMP1|COG2|KRT18|ARFIP1|NAPA|MON2|SNAP23|ICA1|GALC|AP2B1|SNX2|CD63|TSG101|TOM1L1|GBF1|AP3B1|RAB14|VAMP3|VAMP4|ATP7A
HALLMARK_TGF_BETA_SIGNALING	0.997366821956654	0.997366821956654	-0.147918602254368	-0.571154887739383	4923	54	SMAD3|PPM1A|BCAR3|CDK9|LTBP2|RAB31|TGFB1|APC|RHOA|XIAP|JUNB|NCOR2|SMAD7|SERPINE1|THBS1|ACVR1|SMAD1|TJP1|KLF10|ID3|SLC20A1|CDKN1C|ENG|SMAD6|BMPR2
